product,answer_option,review_score
earphone,"Excellent quality fast cool mode, economy mode.",0.9871244635193132
earphone,Silent Excellent cooling,0.9742489270386266
earphone,"Great AC, must buy Fully satisfied with the AC.",0.9742489270386266
earphone,Super efficient ac with good look,0.9742489270386266
earphone,Everything is good and fine I love it.,0.9721030042918456
earphone,Great productHighly recommend,0.9678111587982832
earphone,Very good performance,0.9549356223175964
earphone,Voice level is more else good,0.9549356223175964
earphone,The media could not be loaded Ultra nice product‚Ä¶‚Ä¶üëåüèªüëåüèªüëåüèª,0.9527896995708156
earphone,I received 2021 model instead of 2022. Otherwise LG AC is good...its cooling is awesome.,0.9506437768240344
earphone,Very good quality,0.9506437768240344
earphone,Impressive product... Very satisfied with it.. Thank you Amazon...,0.9484978540772532
earphone,Product is very good and good quality,0.946351931330472
earphone,Very good product,0.9399141630901288
earphone,"Very good product,",0.9399141630901288
earphone,"Nice product, working fine as expected",0.9334763948497854
earphone,Good cooling cooling on 28* also,0.9334763948497854
earphone,Good product and quick installation,0.9313304721030042
earphone,Very good cooling and silent,0.9313304721030042
earphone,Very good product as we think,0.9291845493562232
earphone,Nice product swift installation,0.9291845493562232
earphone,Installation very nice Nice product,0.924892703862661
earphone,The media could not be loaded Installation good and working also good,0.924892703862661
earphone,"Very slient, energy efficient AC. Convertible feature is good",0.9206008583690988
earphone,Best product in the world and this product fill good at home I am very happy buying this product nice,0.9163090128755365
earphone,Nice product. Worth buying,0.9120171673819742
earphone,Special with HC himalaya cooling üëå,0.907725321888412
earphone,Good productAble to maintain temperature accurately,0.9055793991416308
earphone,The media could not be loaded I purchased 1 Month ago Super cooling Nice Product,0.9055793991416308
earphone,"Good cooling,Less power consumption,Less noise level",0.9012875536480688
earphone,Good product. Nice features,0.9012875536480688
earphone,The media could not be loaded Good product,0.8927038626609443
earphone,Lg is superb as always,0.8905579399141631
earphone,Excellent performance. Cools with in seconds Almost silent operation. Higly recommends this product to all.Remote control is also very easy to use,0.8841201716738197
earphone,I love this product,0.8776824034334764
earphone,Perfect A. C.using it on a 3kva inverted full day.,0.8733905579399142
earphone,its very good,0.871244635193133
earphone,The modes on the AC are very good and you can use the high energy efficient mode throughout the night when needed It cools very fast in 38-40 ¬∞C temperatures,0.871244635193133
earphone,Really very nice experience with lg ac...Installation is very quick I received product and get call for installation in just couple of hours.Installation guns are very polite.Really very happy with same day installation,0.8669527896995708
earphone,Its one of the LG‚Äôs top model and working in very good condition. There are no complaints on this as my relatives also purchased the same model or product,0.8626609442060086
earphone,The media could not be loaded Best product excellent performance noise level is little bit high more functions user friendly sleep mode is goodGood productExcellent,0.8605150214592274
earphone,Lg great service providedThis is nice product,0.8605150214592274
earphone,Fast cooling minimum noise and plenty of functionality,0.8583690987124464
earphone,I am totally satisfied with the C performance.for me installation charges were 1499+324(drain pipe and other accessories) = 1743.Within 2 minutes it cool down the room,0.8433476394849786
earphone,Best AC. Very efficient and no noise,0.8369098712446352
earphone,Started using Good product,0.8369098712446352
earphone,The media could not be loaded Installation charge 1414+250 outdoor stand fitting üò°üò°,0.8326180257510729
earphone,C not cooling enough dont buy this product,0.8304721030042919
earphone,All in one of the most amazing products and very useful purchase of my life,0.8304721030042919
earphone,The AC fits your need. Go for it. its the latest and the best available and the quietest too!,0.8304721030042919
earphone,C stop cooling Austin 1 month fan becomes slow top failure model,0.8261802575107297
earphone,Best coolingüëçNo much soundAutomatically switching to room temperatureThe best 6 in one ac with dual inverted,0.8261802575107297
earphone,Every thing is great üëçüëçüëç,0.8240343347639485
earphone,Still dnt know about Energy efficiency Noise level is very less and sleep mode also good,0.8197424892703863
earphone,Wonderful gift to my brother who loves more in his room which cools faster... Value for money and wonderful modes that makes all in family to have nice sleep.,0.8197424892703863
earphone,The media could not be loaded Excellent,0.8197424892703863
earphone,"Superb AC with 6 in 1 Features , Instant cooling with Energy efficient , i Request buyers can afford without any hesitation",0.8175965665236051
earphone,The media could not be loaded Awesome product ‚ù§Ô∏è‚ù§Ô∏è‚ù§Ô∏è‚ù§Ô∏è‚ù§Ô∏è,0.8154506437768241
earphone,The media could not be loaded Fully satisfied with product,0.8133047210300429
earphone,Good cooling and model,0.8133047210300429
earphone,Fantastic product i liked it very much the product is excellent I liked the product and hence wanted to give it 5 star.,0.8111587982832618
earphone,Good,0.8090128755364807
earphone,Good,0.8090128755364807
earphone,Good,0.8090128755364807
earphone,Good,0.8090128755364807
earphone,Good,0.8090128755364807
earphone,Good,0.8090128755364807
earphone,Good,0.8090128755364807
earphone,Good,0.8090128755364807
earphone,Good,0.8090128755364807
earphone,good,0.8090128755364807
earphone,Good,0.8090128755364807
earphone,Good,0.8090128755364807
earphone,good,0.8090128755364807
earphone,Good,0.8090128755364807
earphone,Good,0.8090128755364807
earphone,Good,0.8090128755364807
earphone,Cooling is good.Noise level is low.Working very well Good product to buy,0.8068669527896996
earphone,Good function build in this act i hope same will continue in the future as well.Ai mode and convertible are more energy efficient,0.8068669527896996
earphone,Very powerful and less noise more power perfect and suitable for home,0.8047210300429185
earphone,Very nice AC this is running only 2 min chilled the room,0.8047210300429185
earphone,Such products should never be bought online I got the product from Aroma store. Everything was told like for what I will have to pay extra and all these things The installation was perfectly done,0.8025751072961373
earphone,I like the HC mode cooling very fast,0.8025751072961373
earphone,Good product. But noise level is high,0.8004291845493562
earphone,Overall a good product but it should have sleep profile with sleep mode,0.7982832618025751
earphone,Almost no noise and very energy efficient,0.7982832618025751
earphone,Superb üëåüëå,0.7982832618025751
earphone,Excellent üëåüëåüëå,0.7982832618025751
earphone,its good deal to buy this AC and functions are very user friendly My whole family liked this Product. And We are Happy to purchase it.,0.7939914163090128
earphone,AC Performance with 6 In 1 Function is really good,0.7918454935622318
earphone,Totally hassle free purchase and hassle free installation Go for it . Remember you gotta pay like 2700 for installation,0.7918454935622318
earphone,Used ac in 4 in 1 mode and ran ac for 13-14 hrs a day @21degree for 30 days Her day average consumption was 3-4 units only Measured the same in smart switch also Its pefect ac to buy,0.7854077253218884
earphone,The media could not be loaded Awesome product go ahead ver good product take care while installing ac nice product from lg best ac love it,0.7811158798283262
earphone,The media could not be loaded Frost service from lg. Getting CH 05 error and AC Aumatically stops working this error will came twice within a week after installation,0.7811158798283262
earphone,‡∞®‡±á‡∞®‡±Å ‡∞ï‡±ä‡∞®‡∞ø years ‡∞Ö‡∞Ø‡∞ø‡∞®‡∞¶‡∞ø ‡∞∞‡∞ø‡∞™‡±á‡∞∞‡±ç ‡∞µ‡∞ö‡±ç‡∞ö‡∞ø‡∞®‡∞¶‡∞ø total AC ‡∞ï‡∞∞‡±Ä‡∞¶‡±Å ‡∞≤‡±ã ‡∞∏‡∞ó‡∞Ç ‡∞Ö‡∞®‡∞ó‡∞æ ‚Çπ19000 bill ‡∞ö‡±á‡∞∂‡∞æ‡∞∞‡±Å. ‡∞¶‡±Ä‡∞®‡∞ø‡∞®‡∞ø ‡∞¨‡∞æ‡∞ó‡±Å ‡∞ö‡±á‡∞Ø‡∞ü‡∞æ‡∞®‡∞ø‡∞ï‡∞ø ‡∞ï‡∞Ç‡∞™‡±Ü‡∞®‡±Ä ‡∞µ‡∞æ‡∞∞‡∞ø‡∞ï‡∞ø 22‡∞∞‡±ã‡∞ú‡±Å‡∞≤‡±Å ‡∞™‡∞ü‡±ç‡∞ü‡∞ø‡∞®‡∞¶‡∞ø. ‡∞™‡±à‡∞ó‡∞æ ‡∞ó‡±á‡∞∞‡∞Ç‡∞ü‡∞ø ‡∞≤‡±á‡∞¶‡±Å. ‡∞Ö‡∞Ç‡∞¶‡±Å‡∞µ‡∞≤‡∞® LG Grand ‡∞é‡∞µ‡±ç‡∞µ‡∞∞‡±Ç ‡∞ï‡±ä‡∞®‡∞ø ‡∞á‡∞¨‡±ç‡∞¨‡∞Ç‡∞¶‡±Å‡∞≤‡±Å ‡∞™‡∞°‡∞µ‡∞¶‡±ç‡∞¶‡±Å.,0.7746781115879828
earphone,Very good features introduced by No 1 electronic company LG . Good performance LG Air conditioned with AI technology 2022 model . It is the best model in the current year .,0.7746781115879828
earphone,The media could not be loaded Its has different modes u can cool up room instantly and than run it smoothly......very nice ac,0.7725321888412017
earphone,"I liked most low noise level , 40% electric consume saves lots of energy",0.7703862660944206
earphone,"Of you want to save electricity than go for it,but if you want freezy kind of cooling this machine is not for you,it's struggling when you need quick cooling..i have 5 years old Daikin Inverted ac which is still much impressive and better cooling than lg",0.7703862660944206
earphone,The look and the performance. It cools very fast,0.7682403433476395
earphone,"Dont go for this product, outer unit makes very noisy They didn give any copper wire. For installation they took 4500 including copper wire. Better to get the product directly from shop where they are giving the copper wire free with free installation with same price.",0.7639484978540773
earphone,One of the best air conditioned I ha e ever seen.......i canst hear any noise from out door unit and cooling is awesome.....you can close your eyes and buy this product.... I am very much satisfied..... üòÅüòÅüòÄ,0.7639484978540773
earphone,Best Product . No noise . Very nice cooling .. My room size is 14 x 14 but 1.5 ton chilled the room very fast .,0.759656652360515
earphone,„ÄãThe best ac in its class.„ÄãBest & professional installation you should know how to make pp work by telling them front that well pay extra over standard installation charges if every thing done at opium level,0.7575107296137339
earphone,Airconditioner is practically silent really good and efficient installation was a pain and still not correct still dealing with the inward water flow after 15days. So many core cutting holes made by the installation guns which have been incorrect places and now filled by shabby white cement . Installation is a horror & is negative star rating . AC is 5 star rating,0.7532188841201717
earphone,"No issues with the product,but when comes to installation part their are many hidden charges They charge out door installation charge ‚Çπ300 since I have my own outdoor stand, masking of tape on copper wire ‚Çπ200 and as usual they take ‚Çπ1,415 for installation",0.7532188841201717
earphone,"The cooling is absolute standout. Been using Bolts for a while But this stands out in terms of modes, cooling and energy efficiency",0.7510729613733905
earphone,C does not cool at all Very disappointing,0.7489270386266095
earphone,Nice performance. Value for money Just take care of cleaning and AC will take care of you. Flexible speed quick cooling My room room get cooled with in 10 minutes and after that I put my AC in 40% effiency . And this saves energy and money,0.7489270386266095
earphone,Installation not done properly from day two water leakage from ac,0.7467811158798283
earphone,Product is great Performance is unto the mark. No doubt why this is the best selling AC in India right now,0.7467811158798283
earphone,LG IS ALWAYS GOOD & BEST QUALITY GOOD POWER SAVING MODEL AND COMFORTABLE AIR WITH LOW NOISE AC ‚Ä¶SUPERB EXCELLENT,0.7446351931330472
earphone,"Fan speed is slow , only run in speed when on HC modeCooling is ok.... My Hitachi star is much better than this energy rating consume unit per day in uses of 12hr in a dayton happy with the performance",0.7446351931330472
earphone,"Best ,Got in 42249",0.7424892703862661
earphone,Great product... its artificial intelligence ensure the cooling is maintained inside the room Power consumption has been very very low This is the fourth dual inverted AC which I have purchased for my residence,0.740343347639485
earphone,No copper pipe in it and fitting and installation charges extra waste buying online,0.740343347639485
earphone,best ac lg,0.7381974248927039
earphone,"Installation was very quick ....as it was a holiday but still my installation done at right time quick chill , powerful impact...",0.7381974248927039
earphone,Copper wire not received Lg installed technical open and checked,0.7339055793991416
earphone,No colling. Very low cooling is done by the AC.. very bad experience had hope from lG.. not good productMost Horrible AC!! Do not but LG horrible cooling Does bot cool at all and requires cleaning every few days,0.7317596566523605
earphone,"I purchased this AC 3 years before... Now cooling of this AC is totally ineffective. I have checked my Gas, Jet cleaned all the filters still it canst cool my room below 27 degree after running of 6 hours...when I asked the technical they only said one thing..."" THIS IS A FAILURE PRODUCT OF LG"".",0.7317596566523605
earphone,Everything is perfect but you should stay cautious during installation as the engineer may charge extra and may not give you the GST bill. Rest be assured this product is awesome with best of the features,0.7296137339055794
earphone,The media could not be loaded Cooling is good But the installation guy was not good drilled a wall containing water pipe without asking,0.7274678111587983
earphone,"Copper wire is missing from my order, LG you have such a good brand name...but still you are doing this kind of cheap cost saving....@amazon you are promoting this .....not a good thing ....",0.7274678111587983
earphone,The media could not be loaded Water leakage started in the inner unit,0.7274678111587983
earphone,Cool my room just in 5 min. Little bit noisy,0.7274678111587983
earphone,The media could not be loaded We didn get copper pie in box,0.723175965665236
earphone,its been about a month I'm using it. The best part is u can operate it using lesser power if ur room is smaller Till now no complaints Would have been happier if I have got glow buttons in remote along with its case. All in all a 4 star it deserve.,0.723175965665236
earphone,"Mummers are sometimes challenging to manage, and the warmth is beyond the capacity of desert coolers. There comes an AC to fill in the space.‚Ä¢‚Ä¢‚Ä¢‚Ä¢‚Ä¢‚Ä¢‚Ä¢‚Ä¢‚Ä¢‚Ä¢‚Ä¢‚Ä¢‚Ä¢‚Ä¢‚Ä¢‚Ä¢‚Ä¢‚Ä¢‚Ä¢üéÅ INSIDE BOX‚Ä¢‚Ä¢‚Ä¢‚Ä¢‚Ä¢‚Ä¢‚Ä¢‚Ä¢‚Ä¢‚Ä¢‚Ä¢‚Ä¢‚Ä¢‚Ä¢‚Ä¢‚Ä¢‚Ä¢‚Ä¢‚Ä¢1x indoor unit1x outdoor unit1x indoor unit fixing plate5x screws nylon sleeves power supply cable to connect the indoor and outdoor unit1x mr copper pipe with insulation includes both copper pipes for forward and return line)1x vinyl tape roll2x ties remote2x batteries quick reference guide, installation manual and user manualThere isn't any power plug for the indoor unit power cable or stand for the outdoor unit. You need to purchase it separately from outside or from the installation engineer for extra payment. cost details below)Warranty: 1yr on the product, 5yr on PCB, 10 yes compressor with gas charging‚Ä¢‚Ä¢‚Ä¢‚Ä¢‚Ä¢‚Ä¢‚Ä¢‚Ä¢‚Ä¢‚Ä¢‚Ä¢‚Ä¢‚Ä¢‚Ä¢‚Ä¢‚Ä¢‚Ä¢‚Ä¢‚Ä¢‚Ä¢‚Ä¢‚Ä¢‚Ä¢‚Ä¢‚Ä¢‚Ä¢‚Ä¢‚Ä¢‚Ä¢‚Ä¢‚Ä¢‚Ä¢‚Ä¢‚Ä¢‚Ä¢‚Ä¢‚Ä¢‚ûï OBSERVATIONS & PROS‚Ä¢‚Ä¢‚Ä¢‚Ä¢‚Ä¢‚Ä¢‚Ä¢‚Ä¢‚Ä¢‚Ä¢‚Ä¢‚Ä¢‚Ä¢‚Ä¢‚Ä¢‚Ä¢‚Ä¢‚Ä¢‚Ä¢‚Ä¢‚Ä¢‚Ä¢‚Ä¢‚Ä¢‚Ä¢‚Ä¢‚Ä¢‚Ä¢‚Ä¢‚Ä¢‚Ä¢‚Ä¢‚Ä¢‚Ä¢‚Ä¢‚Ä¢‚Ä¢1. Powerful cooling even with normal mode. I'm using it for 250 soft hall with doors to 3 rooms.2. It has four normal modes where AC runs at 100%, 80%, 60%, 40% capacity to reach the same temperature and can be used in conjunction with the density of crows and heat generating systems inside the room whereas a high capacity mode (6 in 1_H'Capa button on remote which runs at 110% capacity and extra speed of indoor unit for faster cooling runs only for 90 mins). This setting has a dedicated button on the remote.4. Then, we have an AI mode that senses the load and runs at optical capacity (6 in 1_AC+4 button on remote)5. Fins on both units have what they call ocean black coating to enhance the life of the fins by providing protection against external elements Indoor unit sound is on the lower side. The outdoor unit is a bit loud but its an outdoor one.7. Large display which you can switch off especially at night)8. You may use it simply to create an inflow inside the room without a cooling effect9. It has a dehumidifier mode to reduce humidity inside simply10. Since this one is an ISEER 5 star device (818 units per year under test conditions it consumes fairly less electricity but dont expect wonders11. It has a hidden power on/off button located below the horizontal vane, on the right side, for use in case of emergencies12. Sleep mode is a nice option as at a set temperature you tend to start feeling cold after some time, and this mode increases temperature by 2 degrees over the next hour.‚Ä¢‚Ä¢‚Ä¢‚Ä¢‚Ä¢‚Ä¢‚Ä¢‚Ä¢‚Ä¢‚Ä¢‚Ä¢‚Ä¢‚Ä¢‚Ä¢‚Ä¢‚Ä¢‚Ä¢‚Ä¢‚Ä¢‚Ä¢‚Ä¢‚Ä¢‚Ä¢‚Ä¢‚Ä¢‚Ä¢‚Ä¢‚Ä¢‚Ä¢‚Ä¢‚Ä¢‚Ä¢‚Ä¢‚Ä¢‚Ä¢‚Ä¢‚Ä¢‚ûñ OBSERVATIONS & CONS‚Ä¢‚Ä¢‚Ä¢‚Ä¢‚Ä¢‚Ä¢‚Ä¢‚Ä¢‚Ä¢‚Ä¢‚Ä¢‚Ä¢‚Ä¢‚Ä¢‚Ä¢‚Ä¢‚Ä¢‚Ä¢‚Ä¢‚Ä¢‚Ä¢‚Ä¢‚Ä¢‚Ä¢‚Ä¢‚Ä¢‚Ä¢‚Ä¢‚Ä¢‚Ä¢‚Ä¢‚Ä¢‚Ä¢‚Ä¢‚Ä¢‚Ä¢‚Ä¢The only cons are in the remote and not the unit:1. No backlight for the display, which makes it challenging to operate with the lights off at night.2. Keys are neither ""glow in the dark nor neither have backlight‚Ä¢‚Ä¢‚Ä¢‚Ä¢‚Ä¢‚Ä¢‚Ä¢‚Ä¢‚Ä¢‚Ä¢‚Ä¢‚Ä¢‚Ä¢‚Ä¢‚Ä¢‚Ä¢‚Ä¢‚Ä¢‚Ä¢‚Ä¢‚Ä¢‚Ä¢‚Ä¢‚Ä¢‚Ä¢‚Ä¢‚Ä¢‚Ä¢‚Ä¢‚Ä¢‚Ä¢‚Ä¢‚Ä¢‚Ä¢‚Ä¢‚Ä¢‚Ä¢‚Ä¢‚Ä¢‚Ä¢‚Ä¢‚Ä¢‚Ä¢‚Ä¢‚Ä¢‚Ä¢‚Ä¢‚Ä¢‚öôÔ∏è INSTALLATION AND COSTS‚Ä¢‚Ä¢‚Ä¢‚Ä¢‚Ä¢‚Ä¢‚Ä¢‚Ä¢‚Ä¢‚Ä¢‚Ä¢‚Ä¢‚Ä¢‚Ä¢‚Ä¢‚Ä¢‚Ä¢‚Ä¢‚Ä¢‚Ä¢‚Ä¢‚Ä¢‚Ä¢‚Ä¢‚Ä¢‚Ä¢‚Ä¢‚Ä¢‚Ä¢‚Ä¢‚Ä¢‚Ä¢‚Ä¢‚Ä¢‚Ä¢‚Ä¢‚Ä¢‚Ä¢‚Ä¢‚Ä¢‚Ä¢‚Ä¢‚Ä¢‚Ä¢‚Ä¢‚Ä¢‚Ä¢‚Ä¢Costs involved can also be confirmed with LG support while schelling installationInstallation charges 1199 plus GST includes unpacking assembly drilling installation core drill on the wall, testing and demo)15/16 amp 3 pin top - ~80AC wall stand (LG brand)- 750 plus GSTExtra drain pipe- 100 per meterOverall, I paid 2300 and got an e-invoice for the same excludes 3-pin top and drain pipe, which I didn purchase from the engineer)They charge extra for a set of interconnection pipes between the indoor and outdoor unit two copper pipes for inlet and return) if the supplied 3-meter set is insufficient But if carefully planned you wont need it.Other points to note:1. It comes with a leaflet having installation instructions along with a user manual Please GO through it and ask them to follow the guideline such as the indoor unit is installed at a slight inclination rather than being completely horizontal for smooth flow of water that collects on the tray over time of operation2. Leakage are to be checked using soap water at all the joints Power supply and all also need to be checked and generally this step is skipped When the engineer calls before visiting ask them to bring a core drill to avoid using a hammer and chisel which damages the wall, and the hole is also not uniform.5. Carefully plan the position of the hole on the wall so that the wire, drain pipe, and copper pipes can directly go to the opposite side of the wall and can be hidden behind the unit.6. The hole should not be straight but have an inclination of a few degrees toward the outside.‚Ä¢‚Ä¢‚Ä¢‚Ä¢‚Ä¢‚Ä¢‚Ä¢‚Ä¢‚Ä¢‚Ä¢‚Ä¢‚Ä¢‚Ä¢‚Ä¢‚Ä¢‚Ä¢‚Ä¢‚Ä¢‚Ä¢‚Ä¢‚Ä¢‚Ä¢‚Ä¢‚Ä¢‚Ä¢‚Ä¢‚Ä¢‚Ä¢‚Ä¢‚Ä¢‚Ä¢‚Ä¢‚Ä¢‚Ä¢‚Ä¢‚Ä¢‚Ä¢üîÅ FEATURES‚Ä¢‚Ä¢‚Ä¢‚Ä¢‚Ä¢‚Ä¢‚Ä¢‚Ä¢‚Ä¢‚Ä¢‚Ä¢‚Ä¢‚Ä¢‚Ä¢‚Ä¢‚Ä¢‚Ä¢‚Ä¢‚Ä¢‚Ä¢‚Ä¢‚Ä¢‚Ä¢‚Ä¢‚Ä¢‚Ä¢‚Ä¢‚Ä¢‚Ä¢‚Ä¢‚Ä¢‚Ä¢‚Ä¢‚Ä¢‚Ä¢‚Ä¢‚Ä¢1. All of the features are accessible via remote and the main unit has only one button to switch the unit on/off, and that too is buried deep inside Comfort air mode tongues between the top and bottom positions of the horizontal flap. So, if suddenly you need to turn the inflow toward the ceiling away from you, this is the button. Handy at times and reduces the necessity of using the swing button to tongue through all swing positions Dedicated light off button to switch on/off main units display4. Mode to tongue between cool dry and dehumidification modes5. 6 in 1 H'Capa and 6 in 1 AC + 4, to switch between 4 capacities (100%, 80%, 60%, 40%), AI mode, and High capacity mode6. Horizontal and vertical swings can be combined for many positions to direct air anywhere in the room It can be towards the top right corner, bottom left corner, center, left or right half of the room etc.7. Room temperature tells the current room temperature via a sensor installed in the remote so its like the remote's temperature which should be the same as room temperature )8. Sleep button - sleep function is an exciting bit where you can set 1 hour to 7 hours timer, and additional system increases the temperature in increments of 1 every 30 mins two times in any cycle for comfortable sleep9. Timer button to set on/off time10. Function button is pretty useless here since it has no additional functionality‚Ä¢‚Ä¢‚Ä¢‚Ä¢‚Ä¢‚Ä¢‚Ä¢‚Ä¢‚Ä¢‚Ä¢‚Ä¢‚Ä¢‚Ä¢‚Ä¢‚Ä¢‚Ä¢‚Ä¢‚Ä¢‚Ä¢‚Ä¢‚Ä¢‚Ä¢‚Ä¢üèÜ FINAL VERDICT‚Ä¢‚Ä¢‚Ä¢‚Ä¢‚Ä¢‚Ä¢‚Ä¢‚Ä¢‚Ä¢‚Ä¢‚Ä¢‚Ä¢‚Ä¢‚Ä¢‚Ä¢‚Ä¢‚Ä¢‚Ä¢‚Ä¢‚Ä¢‚Ä¢‚Ä¢‚Ä¢The device has many useful features and perfectly does the one job it is made for - efficient cooling.You may got for the version with WiFi conductivity for 1k or 2k more to control AC via internet and one of the use cases could be to pre start it before reaching home to have comforting room environment But personally I feel it a bit gimmicky, for e.g. my washing machine has that feature and I seldom use it.",0.721030042918455
earphone,Not Working Properly and Cooling is also not as per expectations,0.721030042918455
earphone,Does its work nicely Noise it doest disturb and its very low,0.7167381974248928
earphone,I'm searching for the best product in AC. And I'm happy to buy this product. It fulfill my all expectations Good job by LG.,0.7145922746781116
earphone,Good üëç and energy efficiency is good and artificial intelligence in ac is available and 6 in 1 is available in that ac,0.7145922746781116
earphone,NO PROPER TOOL WAS USED FOR BENDING THE COPPER PIPES.After long term usage will give updates.,0.7124463519313304
earphone,its completely different charges installation added with zero but when technical came from LG they asking 1500Rs although its included with AC. Completely opposite from description mentioned over here,0.7124463519313304
earphone,LG employee pushed us to go for extended warranty end up paying 8000rs extra,0.7103004291845494
earphone,"This is the Best AC for Energy Savings I have Used this From 11:00 PM To 05:00 AM and This Only Used 4 Headings including My Fridge, Lights and Fan. Of We Calculate then 4√ó7Rs per Reading is equal to 35 Rs Her Day and Total One Month is 35√ó30=Rs-1050....!!!!",0.7103004291845494
earphone,Product design was good and impressive.It's awesome and features are too good,0.7060085836909872
earphone,"The media could not be loaded I had already the same AC , its a very good product with less energy consumption .one month bill is 2200 before AC and after AC installation its same so we can say its taking less electricity....",0.7060085836909872
earphone,Review after 2 months Satisfied with product and noice levels are less Installation was done on same day. No complaints Overall a good buy,0.703862660944206
earphone,Not energy efficient Too much noise.Functions not working properly and difficult to operate.not satisfied with the product.Delivery and installation is good,0.7017167381974249
earphone,The media could not be loaded Lg ‡§™‡•ç‡§∞‡•ã‡§°‡•á‡§ï‡•ç‡§ü ‡§¨‡•á‡§π‡§§‡§∞‡•Ä‡§® ‡§π‡•à,0.6995708154506438
earphone,"its been just one year since i bought this dual inverted AC from LG in showroom nearby.From one year , i faced like 6-7 times motor problems Code errors... Also my room is quiet small only This 1.5 ton ac doesn bring any cooling to the room even when it cools like 2-3 hours i complaind multiple times they changed the coil & motor in warranty Nothing works lg customer care team simple saying that this ac got low output only god damn i bought this ac for like 40k.Recommended not to buy AC from brand like lg",0.6995708154506438
earphone,Till now working fine,0.6995708154506438
earphone,"Only problem was the remote doesn have a backlit display, so its hard to see in dark Everything else was good",0.6995708154506438
earphone,C was working good,0.6931330472103004
earphone,I dislike this project,0.6931330472103004
earphone,I have been using This AC since last month and I would say it is best AC in this prize range. Cooling is awesome. My room size is 15*12 and it cools my room within 10-15 mins only.Must buy product,0.6909871244635193
earphone,I like this C very gud ac,0.6888412017167382
earphone,This is waste of money Needed to pay 10k extra to get the installation done Most of the parts were missing in the item delivered,0.6888412017167382
earphone,This product is very good.But noise issue.,0.6888412017167382
earphone,Recommended to all for this deal. All the features are available,0.6845493562231759
earphone,"I actually love the cooling energy efficiency silence mode, quality of unit and professionalism of person came for installation It is slight expensive than some other brand, but it is trusted brand.",0.6781115879828327
earphone,I am writing review only after one day use. The AC unit is very very good Its cooling is good Noise level is little more what I expected but Ok. Remote is user friendly and size is good Outdoor unit is mot making much noise as it is dual inverted AC unit.,0.6738197424892703
earphone,its excellent cools entire room within 5 mins in normal AC mode. Done the same within 2 mins in HC mode. Saves energy alot.. cons: installation lots of hidden charges they mentioned in description 1400+.. but we have to pay 3k to 5k even you have existing AC stand.. Wall hole.. stabilizer etc .,0.6716738197424893
earphone,This is the best AC I have ever seen,0.6695278969957081
earphone,We buyed on 28 th February after one month water is leaking from ac how to raise complaint I want to give complaint cooling is also very slow after 2 hours room is becoming cool,0.6673819742489271
earphone,Installing guns are not professional...bad handling...not installed perfectly... totally disappointed with installation...LG PRODUCT IA GOOD ONLY.... INSTALATION SERVICE IS WOREST EXPERIENCE,0.6630901287553648
earphone,The media could not be loaded Not cooling and zero performance,0.6609442060085837
earphone,Indoor unit-26597Outdoor unit- 49900Hence reasonable price,0.6609442060085837
earphone,3m copper wire not provided Installation team charged 1800 for Stabilizer that too if a cheap company Realguard.,0.6566523605150214
earphone,Really bang for a buck. Great looks and perform well Plus it comes with all wires and casings inside Technicians were great too and they just came with their tools required for drilling etc Really impressed with LG and planning to replace my Daikin with LG later Long term performance however remains to be assessed,0.6566523605150214
earphone,Good quality AC from LG - lives unto its standard. Lower price or better energy efficiency would have made a 5 ‚≠êÔ∏è,0.6566523605150214
earphone,Only after two weeks of installation the AC started showing error codes and not cooling,0.6545064377682404
earphone,Of you are buying an ac then it should be LG,0.6545064377682404
earphone,"ac works fine,make sure you get it installed properly,get the installation knowledge before the installation team arrives,so you can guide them properly before installing the product",0.6502145922746781
earphone,C is working fine but the actual load is quite high as compared to others brands,0.6502145922746781
earphone,I have done lot of research before purchasing this Really happy with the purchase even though it is little more costly.The noise level is very less I can also see the freshness in the room because of the dehumidifier and anti bacterial functionality.It is correctly maintaining the temperature without cooling too much.Installation happened on the third day. Fortunately in Hyderabad the installation team has done a good job and were professional.Thank you.,0.648068669527897
earphone,Please do not buy this product. It has a missing key accessory which is a coolant hose pipe.,0.6459227467811158
earphone,Awesome cooling if your room is medium size its perfect for you.Different modes are given.One thing for sure you he to change bucket again and again because it produces lots of water. Well it depends on humidity i guess.Otherwise nothing wrong.Value for money product.,0.6373390557939914
earphone,All wourest. Bleady product,0.6351931330472103
earphone,"Super colling,like it",0.6330472103004292
earphone,The A/C is good but the problem is with installation it shows here that the installation is included by the company in cost but in actual you have to pay about Rs-2300 additional for installation and ac stand .,0.630901287553648
earphone,Everything is ok as brand is LG but i m not happy with energy efficiency point if u buy a 5 star A LG AC but its energy efficiency works as any other 3 star AC brand that not justifying and not unto marks I purchased it 5 days before after using 3-4 days it getting 1.2 units per hour even in saving Modes.I uses 10-12 hours a day but still getting this consumption.Customer is paying a huge amount for brand name and its energy efficiency claims.Correct me if wrong please.,0.6266094420600858
earphone,"One of the best AC in this price segment , one with the budget of below 50k should go for this AC , really good looking , really energy efficient , it has so many features with other brands dont have , soo go for it",0.6266094420600858
earphone,Insulation change very to much,0.6223175965665236
earphone,I have complained when I bought this AC about low fan speed but they did not even bother to check. My old 7 years AC is working better than this new AC. Even after on normal mode with 25 temperature we dont feel the room cold,0.6201716738197425
earphone,worthy for 37000/-,0.6201716738197425
earphone,its a good AC but I am not sure its energy efficient because I am charged than expected Overall I am satisfied with this brand.,0.6201716738197425
earphone,This ac is marketed agressively but seems like its deceiving . I paid almost 50000 for the wife model but cooling isnot at all effective I feel bad as it costed me so much me being a middle class person . Room heats up instantly after switching off the ac . Please dont waste your money . Had product .,0.6180257510729614
earphone,I am writing this review after using it for 3 months and operating it during temperatures of 45 degrees AC does not cool during high temperatures Waste of money,0.6180257510729614
earphone,The media could not be loaded Noise problem,0.6158798283261803
earphone,The media could not be loaded LG 5 star ‚≠ê‚≠ê‚≠ê‚≠ê‚≠ê 1.5 Tone.It's is a 2022 model.All features available exclude WiFi option .6_1 AI option is good.Issue: I'm unable set sleep mode & Night remote unable found buttons due to no radium..LG installation cost= 1600‚Çπ this is extra cost.PRODUCT COST INCLUDING STEBILIZEE =39500‚Çπ In bigbillion days...Amazon trusted e commerce best support,0.6137339055793991
earphone,Good Purchase,0.6094420600858369
earphone,The media could not be loaded Copper wire is included in it . Nice product,0.6094420600858369
earphone,"I bought AC in April 22, but had the issue with compressor gas Twice already disappointed due to this it could be an installation issue or other, but this has definitely damned the fun, AC when working works fine very less nice level effective cooling even at 40% compressor, 5 modes is very use full. Sleep mode is excellent Except for gas issue no other problem, could be one off but still not expected for a brand like LG.",0.6051502145922747
earphone,"Noisy at full speed fan mode, but quiet enough at medium to low fan speed.Cooling is good and features are more than enough for normal use. Room temperature display is useful Remote is good enough.Overall, no complains",0.6030042918454935
earphone,Met my expectations initial impressions are good Cools down the room under few minutes in High capacity mode. Will update review for energy efficiency once I receive this months electricity bill.,0.5987124463519313
earphone,LG selling defected ACs..I bought it in April 2022 and after a month CH 41 error start coming intermittently.LG engineer even dont know what is this error.After this error AC stops and then we have to restart manually.Looks LG selling defected product without any quality check.So it is my advise to other who want to buy LG product.Don't go for LG product and this costly AC.,0.5944206008583691
earphone,"The media could not be loaded its a manufacturing defact, no one resolve this problem, please read google reviews fist maximum temp 27¬∞.third class ac.......... ,.,..",0.5858369098712446
earphone,Cooling is good but compressor failed another replaced that also failed today he bringing another one due that I am suffering a lot.,0.5858369098712446
earphone,We are living in rural area where electricity voltage fluctuates and power cuts I have chosen LG and also referred 2-3 of my relatives to go for it! Works so well Co mode cooling is great feature very less electricity bill! This purchase is also for one of my relative!,0.5858369098712446
earphone,Recommended to buy Worth product,0.5836909871244635
earphone,Product is not up to mark as per price.,0.575107296137339
earphone,Again I said dont buy online any expensive any product.,0.572961373390558
earphone,The media could not be loaded Energy Having ke chhakkar me Cooling Quality ko improve krna bhool gye. Pls dont purchase it,0.5686695278969958
earphone,Value for money,0.5643776824034334
earphone,value for money,0.5643776824034334
earphone,Value for money,0.5643776824034334
earphone,The media could not be loaded Inside the copper pipe and other pipes are missing,0.555793991416309
earphone,"This new 2023 model 1.5 ton 5 star is not a real 1.5 ton ac because it is 4600 watt,it is 1.3 ton ac..LG always does this they make multiple models and brand it as 1.5 ton.. two 1.5 ton is available 4600 and 5000 watt ac ..5000watt is genuine 1.5 ton ac check complete label before buying or u ll regret later",0.5536480686695279
earphone,Good buy but expensive,0.5536480686695279
earphone,Less noise looks great,0.5536480686695279
earphone,Really worth product,0.5515021459227468
earphone,AC not working after 3rd day of ac installation,0.5493562231759657
earphone,AC will not run,0.5493562231759657
earphone,Installing ‡§≤‡§æ ‡§ñ‡•Ç‡§™ ‡§¶‡§Æ‡§µ‡§§‡§æ‡§§,0.5493562231759657
earphone,I like the efficiency but the high cost.,0.5472103004291845
earphone,Don't Buy Lg Ac.,0.5472103004291845
earphone,Specification error product comes out lg side no response,0.5407725321888412
earphone,The product is very good sleek noiseless.The installation was also good done even before the informed time.Can't tell anything about energy efficiency as it its installed few days back only,0.5407725321888412
earphone,This the worst experience I have ever had with any electronic product so far. its not even been 20 days since I purchased this AC. Now its started crying not cooling even like my full speed fan LG please stop making AC from now onwards,0.5278969957081545
earphone,"The media could not be loaded In Sambalpur Odisha I installed this LG AC but they take charges (1500+1100)‚Ä¶.Standard charge 1500 + 1100 for stand and 3pin plug, White cement paste fittings‚Ä¶I think they taken extra 400 for the stand but overall I can say low cost paid when compared with other reviews like 4000/5000 rupees",0.5278969957081545
earphone,C is good Energy efficient But Convertible feature is not good Don't go for convertible AC. Convertible AC not cooling room taking more energy.The remote of this AC do not have light on screen so using this on night is tough,0.5257510729613734
earphone,Till now working good One service is done,0.5236051502145923
earphone,Cheap activity part of LG installation pipe is missing,0.5214592274678111
earphone,Look is very Nice. Indore Voice is high Air flow through is very low Main problem is Swing is not coming down properly Swing moves only little ahgle. Hence cooling is not readable property I didn expect this from LG,0.51931330472103
earphone,The media could not be loaded C remote is missing in the package please arrange one this is second ac we are purchasing so kindly arrange remote,0.5171673819742489
earphone,"Bahut bear unit hai,change kro",0.5128755364806867
earphone,Very less noise,0.5064377682403434
earphone,Installation guide not good at all but the ac delivery nd performance is great,0.5042918454935622
earphone,Good product,0.5021459227467812
earphone,Good cooling,0.5021459227467812
earphone,Good product,0.5021459227467812
earphone,Good cooling,0.5021459227467812
earphone,Purchased last year and since then facing lot of problem.unstable indoor unit coolant leaking water leaking so many problem with lg ac,0.5021459227467812
earphone,good product,0.5021459227467812
earphone,Good cooling,0.5021459227467812
earphone,Good product,0.5021459227467812
earphone,Good product,0.5021459227467812
earphone,"its value for money energy efficiency level is too good monthly electricity bill reduced by almost 50%, it coools very fast moreover it delivers air 360 degree, intelligent mode is very helpful",0.4978540772532189
earphone,I have been using this from last summer Initially every thing is good but from last two months very much noise from machine and swing mechanism not working....remote not connecting to AC.. finally not good brand....,0.4978540772532189
earphone,"Accessories missing purchased from outside at higher price. AC installed in May 1st week, not working properly Called LG service person twice after installation Really upset with the product. Want a refund",0.4978540772532189
earphone,Good cooling but makes a strange hissing sound sometimes,0.4957081545064378
earphone,Go for it. its the best,0.4806866952789699
earphone,"Fantastic air conditioned Hills the room in a jiffy. The 6-in-1 mode is great You could operate in 80%, 60% and 40% modes depending on the need which consumes much lesser power. One gripe is Had to pay extra 4k for installation charges corecutting and outdoor unit brackets LG should give least the brackets in the box",0.4806866952789699
earphone,Low noise energy efficient,0.4806866952789699
earphone,I gave a negative feedback earlier due to some kari of knowledge because the installation team never told me about how frequently the filter needs cleaning.Now my AC is working perfect.The filter needs to be cleaned every fortnight,0.4785407725321888
earphone,As of now working fine,0.4763948497854077
earphone,The product is good and meets the desired expectations in terms of energy savings cooling and efficiency Appreciate the service from LG .,0.4742489270386266
earphone,The media could not be loaded,0.4721030042918455
earphone,The media could not be loaded,0.4721030042918455
earphone,The media could not be loaded,0.4721030042918455
earphone,The media could not be loaded,0.4721030042918455
earphone,The media could not be loaded,0.4721030042918455
earphone,The media could not be loaded,0.4721030042918455
earphone,The media could not be loaded,0.4721030042918455
earphone,The media could not be loaded,0.4721030042918455
earphone,The media could not be loaded,0.4721030042918455
earphone,The media could not be loaded,0.4721030042918455
earphone,The media could not be loaded,0.4721030042918455
earphone,The media could not be loaded,0.4721030042918455
earphone,The media could not be loaded,0.4721030042918455
earphone,The media could not be loaded,0.4721030042918455
earphone,The media could not be loaded,0.4721030042918455
earphone,The media could not be loaded,0.4721030042918455
earphone,Too much serving required every month. Stops cooling every 15 days Total waste of money pls buy from any other brand. Servicing engineers and installing engineers are also too lazy do not service properly,0.4699570815450644
earphone,Remote stand not given along with product,0.4678111587982833
earphone,I had a free installation but the local service center charged more than Rs 2715/- out of which Rs 1415/- is installation charge.Either the AC is defective or it is not installed properly So the cooling time is late.,0.463519313304721
earphone,like it that how it got installed in my room,0.4613733905579399
earphone,"Under 46,000/- this is easily the best 1.5 ton split AC you can buy have owned , over the past 15 years , ACs from Carrier , Bolts , Sharp , Daikin.This dual inverted star AC is easily the best in terms of price to performance ratio.It has horizontal swing in addition to the normal vertical swing.It has a capacities loading feature by which you can run the AC at 80%, 60% or 40% load.It even has a feature to show kilowatt hours.The air filter can just be lifted up and cleaned without going to the hassle of opening the indoor unit.Some reviewers complained that they did not receive the copper gas pipe. My unit had the copper pipe.Nothing to complain of , really unless it develops some fault in the future which nobody can predict ).",0.4570815450643777
earphone,Good performance,0.4549356223175965
earphone,Good quality,0.4549356223175965
earphone,"Responsive and good product. Not happy with serviceWhile buying keep in mind that you will have to pay min 6000 extra to installation people.(all service providers are same - cheater LG, whirlpool Onida ...)",0.4527896995708154
earphone,"Its really good AC , energy efficient I used it regularly in night even few times in day also my monthly consumption of AC is 1600.",0.4506437768240343
earphone,It is very disheartening to know that such a reputed brand does not have employees to properly install the AC . They dont have an instrument to drill a round hole in the wall. They will use a hammer and chisel to make the hole and wreak havoc with your decorated and painted walls . And for this disservice they will charge you heavily ludicrous . This experience is from Amritsar city,0.4463519313304721
earphone,"I bought two LG ACs .One went faulty with in 8 months , they had to replace Blower motor and oscilator wire.The other showed an error ""Lo"" and they took it for testingWhen the returned it , they charged me more than Rs. 12000/ for transport , gas charging , copper tube etcAfter about 8 months , it went faulty again !This time the technical says i will have to pay Rs.10000/- because he suspects the condensor is faulty !I have never ever heard such a remark from any service engineer till now !So be very cautious , about buying an LG AC",0.4420600858369098
earphone,product is good and silent and effective cool but installation guns did not install it correctly and did not even stayed to check if product was installed correctly and functioning properly they did not check leakage drilled wrong holes in wall and even after complaint lg did not take care of the matter,0.4399141630901287
earphone,The media could not be loaded Product received is good but defect in its outdoor unit at back side of net,0.4399141630901287
earphone,Putting this review After usage of more than 2 months Overall ac performance is nice specially noise level is amazingly lowest does it job decentlySome of the features which are missed after being so high on price:1. no temperature control when ac is run on moisture mode.2. Since it is convertible and and has AI mode also it becomes confusing to operate.3. Remote control unit does not have screen backlight display which is a big miss.4. AI mode should be customisable as per users requirementsOverall four stars for this ac.Installation and pipe charges are extra which may cost around 2100/-.,0.4399141630901287
earphone,Simple and ordinary looking,0.4377682403433476
earphone,The installation charges are 3k and not 1199 mentioned,0.4377682403433476
earphone,Bakwas everything specially staff and installation was so bad so bakwaas so ply dont try ever and never ... please be careful,0.4334763948497854
earphone,Cooling is not unto the mark. Also Power consumption is very high Installation also done by very professional person. Seriously bad experience.,0.4313304721030043
earphone,"Leakage issue stop after one month. I contract service center they told we dont have part ,ie from one month my new ac not working",0.4270386266094421
earphone,Copper pipe not in there in box charged extra 6k,0.4227467811158798
earphone,its been more than 1 week I have used it and till now its amazing product,0.4184549356223176
earphone,"I bought this AC bc I thought LG is good company even its very expansive, but now I felt its completely waste of money.AC is not doing cooling very low its take time to cool a small room 9*12.Out door unit makes lots of noise it should be noise less bc its split AC as well as service technical is also not so good they try to sell there product like outdoor unit stand then AC comes with out door unit floor rubber stand they didn use the stand which came with AC they charged me 850 Rs for the additional floor stand! I also have the another AC from whirlpool 1.5 tan split AC its better then this one it cool the room of 12*14 with in 10-20 min even when I use it on 1ton instead of 1.5 ton bc this AC is even not cooling the area of 9*12 which is very smallEnergy saving is good but what will I do to this AC without cooling",0.4163090128755364
earphone,"This LG ac product has PCB complaint.. I just used very minimum but got issue with outdoor PCB , and service charge for replacement was Rs 6000 /-. So, pls check about or ask about PCB warranty also lG has experienced with so many pcb related complaint while checking other customers reviews Its very bad and kind of fraud",0.4163090128755364
earphone,The media could not be loaded Modal :- LG PS-Q19CNZE (2022 latest model)Price :- 43900 ( offshow room)Purchased Date :- 23/12/2022Reveiw Date :- 25/12/2022Room Size :- 11 feet √ó 10 feetLG's fan system is useless for users who sitting or lying down Importantly even if you put it on level one the fan of the AC does not blow downwards it comes up to half the way and if you want the air of the AC to blow on the body you have to stand least distance of 11 feet Otherwise the flap has to be adjusted down each time eventually it may causes the AC to become compliant. This is not only for this model but for all LG models.when the technical was called They said its is the normal level of LG and we canst do nothing,0.4141630901287553
earphone,I would summeries in this way.Pros-1. Looks fantastic Cooling is excellent.3. Efficient in power saving.4. Service is good.5. Feature rich.Cons:-1. Not particularly a con but initial price is a bit expensive.2. Installation cost is high if you require extra copper pipe for your outdoor unit.3. No wife or connected features even at this price.Overall good experience.,0.4141630901287553
earphone,Repay LG ka AC na le technical educated and irresponsible aate h mere purane AC ka pipe kaat diya 2500 ka total nukasaan 4800 ka to dusari company ka le LG na le,0.4098712446351931
earphone,AC motor is not working properly,0.407725321888412
earphone,Cooling is bet but its so noisy outdoor as well as indooor. .. waste option is highcapacity 110% so loud so waste so noisy dont go for lg ac... take any other...,0.4055793991416309
earphone,Outdoor unit not working.dispointed,0.4012875536480687
earphone,HD filter with anti virus protection not recd .,0.4012875536480687
earphone,"Inappropriate information about the product.Its clearly mentioned that C installation is added and price is 0.But we have to separately pay for installation price 1500 , so dont play with words and disguise customers",0.3905579399141631
earphone,Power consumption is still bit issue,0.388412017167382
earphone,"In machine showing 30Db, in reality it comes very High. And showing 3 modes but room cooling takes very much time",0.3862660944206008
earphone,One of the 3 AC's was defective Had to be returned The process took too many phone calls to start Had to call several times to get the substitution completed The going back and forth could have been avoided Also some parts like some copper wiring were missing and we had to shell out extra Rs. 3000 + to ensure the system is installed correctly Will request reimbursement for that amount,0.3862660944206008
earphone,Very poor quality and really poor service technical is very professional its been 2 months and continuously facing cooling issue after multiple technical is visiting and making excuses instead of fixing issues,0.3841201716738197
earphone,The media could not be loaded There are product missing from the outdoor unit.The copper wire that comes along with the unit is missing,0.3819742489270386
earphone,Service very poor.cooling very poor after two months.service center agent foolish me.and his engineer not work properly.cooling problems start after two months,0.3798283261802575
earphone,"Cooling issues.Rusted after 2 year even my outdoor unit is not exposed to sun and rain.Poor fan design, dust easily accumulate to fan and you will feel drop in air throw.LG ac has only features not good cooling Better buy voltas,onida,diakin,carrier,hitachi if you need act",0.3776824034334764
earphone,Though the ac is good enough copper wire want provided along with the order and had to pay an extra 3363 along with installation charges Getting a reimbursement is a big hassle to avoid all this consider another product or during the installation itself ask if copper wire or if every parts are available if they say no.. just return it dont pay extra,0.3733905579399141
earphone,"1. Saves electricity in 40% mode. This 6 in 1 feature is very good.2. Lg installation charges are very high They'll force ar create a situation, that you have to buy extra copper pipe which will cost you around 1000 per meter.",0.3733905579399141
earphone,"I searched for Blue star but i didn found it due to confused customer rating I visited a local dealer, he suggested few models in Bluestar & LG. but this model not avail in the local market, after read the specification LG webster i feel this one good at it level I am happy with product including installation",0.3733905579399141
earphone,its been 2 days to install and the AC stopped working Outdoor unit pcb not working went for replacement Not happy with the product.,0.371244635193133
earphone,Very worst experience with LG installation Installation persons are coming after three days of received item. This AC also not properly working Coldness is not coming properly,0.3690987124463519
earphone,Consumes just 4 units of power for usage from pm to am at 26deg c. Initially consumes 1850 Watts for about 10 minutes and then for most of the time consumes around 350 Watts only,0.3690987124463519
earphone,First Copper PIPE missing in packageThen poor technical guy came for installation who leaked all ac gas.Then ask for money to refill it again,0.3690987124463519
earphone,Copper wire not received with the product,0.3669527896995708
earphone,Product is good Poor packing of indoor unit. Service centre and installation team was not experienced,0.3669527896995708
earphone,"I All,I was purchase LG C , till now they are not provide free service, very poor service",0.3648068669527897
earphone,I really liked the product and appreciate the quick delivery The overall installation process was hassle free and i received complete support as expected,0.3626609442060086
earphone,"The media could not be loaded I always believed in lg product and delighted by their after sales service, reviewing after one week,happy with the product,will update my review after some time",0.3626609442060086
earphone,The after sales service of LG is really bad The installation was done properly The AC is not cooling at all Of a ac is not installed properly and the copper pipes aren't accused then the cooling wont be proper and the technical outright refuse to vacuum the pipes saying it is unnecessary Don't buy this product. You may regret it.,0.3605150214592275
earphone,Using since 15 days Works well as it should,0.3605150214592275
earphone,I bought it and interconnecting copper wire was missing LG service man installed AC and charged me extra for the interconnecting wire. Beware,0.3605150214592275
earphone,Copper was missing in the box extra 6000/- ididnt get refund but ac performance is good,0.3605150214592275
earphone,Consumes less electricity than other brands.,0.3583690987124464
earphone,Product is nice...I am from Tirupati.I have read many negative reviews on lg customer service.It is totally false got call within 2 hours and they installed on the same day.They charged 1415/-installation charge per ache persons ANIL and IRFAN who installed very nicely and there behaviour was also very polite.Don‚Äôt think about customer service of LG.They are providing the best.This is a genuine review.once again thanks to ANIL and IRFAN üòäüòäüòä. One thing I forgot to say I bought two ac‚Äôs.I didn get copper pipe for both.AMAZON should take care of it.Thank you.,0.3583690987124464
earphone,Customer service is very very poor of LG....First of all no one came here for installation....After so many call they came and installed....But they did not properly installed... Started water leakage issue.... Almost 15 days has been past but they did not came to check the AC....This is brand....When I call to LG team they answer your solution will be resolved within 24 hrs.... Service is Zero Zero Zero,0.3562231759656652
earphone,Perfect product and class design. I ordered it on th Act and it was delivered on th Oct. very smooth delivery Installation done on same day. Super impressed Executive were polite Perfect cooling and I can now see the performance and related problem using LG app. Life is Good.,0.3562231759656652
earphone,So spend around 10k for copper pipes for around 9 feet of pipes ans around 4k for installation . They didn provide any copper pipes All ac sellers provide least 2 feet of piping and more over the cost per sq ft of ac pipe is 1100 per sqft.. Simply amazed at the daylight robbery LG needs to be ashamed,0.3562231759656652
earphone,Purchased this AC during the prevailing heat wave season. I have been using this for a week now and am pleasantly surprised on overall performance in terms of cooling and noise levels Cannot comment on energy consumption yet since it is too early,0.3562231759656652
earphone,AC is fine with good cooling however installation is very costly and a bad experience. They charge you for water drain pipe which is 150 per mr and even for the socket. LG needs to look into this and provide these basic items . The service centre has not even given any bill yet,0.3540772532188841
earphone,"The media could not be loaded Had service by LG‚Äôs Grand Installation Support I paid installation charges as demanded by the engineer. They charged higher for accessories, I paid ‚Çπ600 for a 15 feet water drain pipe! No bill received yet for the installation Now, the AC is leaking water within 1 hour of the installation Hoping this is set right by LG.",0.351931330472103
earphone,Very good service from service people and its been 3 months I‚Äôm pretty satisfied with the quality,0.3497854077253219
earphone,The media could not be loaded Super product and excellent service by L.G,0.3476394849785407
earphone,Connecting pipe missing,0.3454935622317596
earphone,"Copper wire, stand not provided.It's extra cost.Installation partner expel service companyTechnician charged 6500/-for installation.Technician is not fair-very dangerous guyHe damaged my dish to antenna- its effected me extra 3400/-to replaceWith in limited 3 mr copper wire.Installation not done properly.Totally not satisfied with installation",0.3412017167381974
earphone,Copper pipe is missing,0.3412017167381974
earphone,"LG air condition are little bit higher rate wise, but the quality and technology are best in this segment.Don;t go for cheaper price offered by other companies Buy one time LG air condition and live tension free.RC",0.3390557939914163
earphone,The media could not be loaded Copper pipe missing in the box Attached is the unpacking video Installation charges included in purchase but installation guy asking for Rs. 5000 for installation,0.3369098712446352
earphone,LG quality is good but the service given by the LG people is not good,0.3369098712446352
earphone,The ac stopped working within two weeks and the spare part is not available for two weeks now Of spare parts are not available for new models LG should not be launching them Really disappointing service by LG.,0.3326180257510729
earphone,Service charge including tax = Rs. 1415Angular Outdoor stand for the outdoor unit + Gas pipe 10m = Rs. 885Liquid pipe 10m = Rs. 250Special Water proof sellotape for double wrap around (Rs. 400 for single wrap around = Rs. 800Power plug = Rs. 100-150(purchased from electrician)Total = Rs. 3500 for complete installation service with installation kit and taxes,0.3326180257510729
earphone,"Installation cost around 2200 , 1415 + 750 for stand. Cooling like beast. Long time review dont know. But if you care your AC it will care for you.",0.3326180257510729
earphone,"please dont buy this product LG ac cooling machine not good it is very slow i m using H,Cap on 20 minutes only 1 degree temydown. its not power efficient i set 25 degree my room temperature 25 its work 8.5 Amps this ac does not maintain room temperature in day time i m using 6 hours in a room tmp 26 this device using 5 to 7 ampers minimum every time its not power efficient dont trust LG. The wall back side compressor makes very high noise installation change very high i m paying Rs 1415 installation + rs 700 for stand total 2115 rupees which is way too much local boys 500 installation 450 for stand,I dont recommend this brand and product at all.Mitsubishi,Dikin,hitachi Products way better than this brandik bat had pakhra bhai sab is ka colling machine achi nhi hai jay amper v jada let hai normal invetar ac say",0.3304721030042918
earphone,"This AC is not working as it was advertised I have second ac of voltas with same spec and its far better Cooling effect is not there at all With voltas cooling happens in 30 min and same lg takes 2 hours and it has to run continuously Installation was too complicated I spend 15k as service man told he can only fix attachment on top floor Same case was not with voltage Inverted is in built but still I had to purchase stabilizer as recommended strongly by lg person. I am totally dis satisfied with this product. And it was a one time purchase for me, means I have to live my complete life with this stuff now",0.3218884120171674
earphone,We received without remote mount holder,0.3218884120171674
earphone,The media could not be loaded This lg outdoor unit is missing copper installation pipe.,0.315450643776824
earphone,Awesome ProductDelivery on TimeInstallation Done on time by LG technical,0.315450643776824
earphone,"Copper wire is missing in two out of 5 AC‚Äôs that I ordered.Instead of refunding the copper wire money or sending the missing wire, I am being told that the only option is to return and refund Waste of time and money",0.3133047210300429
earphone,Not working properly And I am complaint to lg service centre so they are alo not responding,0.3133047210300429
earphone,"The installation process is a nightmare You are forced to get it installed only by their technicians, who are professional and are only looking for creative ways to make additional money off the installation Reaching out to the customer care helping is equally frustration and futile Most of the reviews across India complain about the installation process but we were hoping we would be an exception to the horrible experience. Unfortunately not Please reconsider buying LG for this reason. Keep in mind that your actual budget for the AC depends on your luck, of which technical is assigned to you and this will be an uncertain risk even after you purchase the AC.",0.3133047210300429
earphone,The service agent was way more polite Did service on time and made us understand in the most easiest way Overall excellent service. Thanks LG,0.3111587982832618
earphone,You buy from anywhere you have to pay the Installation so there is nothing like cheating.Delivered second day and with in 2 hours of delivery Installation has been done by LG.Quick and prompt service from LG and Amazon.Further i will update review after usage of AC for few days,0.3111587982832618
earphone,Very poor product with poor distributor in Ludhiana. Its like cooler. No cooling the room even the AC is turned on for whole day.,0.3090128755364807
earphone,"MRP is 50,000 and not 75,000.Why give fake information??Product is good but the rating is for cheating customers",0.3090128755364807
earphone,Like into 100 hai,0.3090128755364807
earphone,Missing copper pipe,0.3068669527896995
earphone,"Product is working good and doing perfect cooling.Installation was done on time, the next day of product delivery Total install cost 2415 Rs. including stand for outer unit).Note: Whenever getting a this installed make sure to get the indoor unit and copper pipes getting accused before getting the AC gas turned on from outer unit, generally installation team skip this step as it takes time.",0.3068669527896995
earphone,This is the purchase I ever done Pack didn include 10ft copper pipe which costs around 3000rs. As my site want ready I couldn install and detected late so amen didn get agree to replace or bear the cost of the pipe. I installed it by paying that 10ft pipe gas seems to be very low that AC canst even produce what cooler produce. I am regretting a lot for this purchase.,0.3047210300429184
earphone,AC fan not working & AC is not functioning at all,0.3047210300429184
earphone,lg ke service quick mil jati hai...,0.2982832618025751
earphone,"prose 1 cooling awsome2. energy efficiency at 40%3. High capacity model is fast cooling room within minute but consume more unit per hour4. built quality is good5.remote quality also goodcons: 1 i am disappointed remote have not Display light2. swing blade not down full at under sitting the ac but doing manually is work, for not all time is difficult for up and down to adjustoverall cooling effective all mode work well",0.2982832618025751
earphone,This is one of the best ACs available Currently I have bought this twice.Installation service was seamless. Cooling is great.Highly recommended,0.2982832618025751
earphone,Best colling machine energy efficiency,0.296137339055794
earphone,"I team the service person who came for fitting has not done his job properly When we are starting the AC,water is leaking and room is filled with water. Not of water is leaking Pls do the needful Send the service person again for check",0.296137339055794
earphone,The performance is best available in now 2022 market models . But I do use 2020 model of LG and that is better than this one . Rest its unto the customer what they want,0.2918454935622318
earphone,Don't go for the Reviews Waste of Money No Proper response from LG after the Installation After 3 days no cooling at all and the unit got heated The installation was also not properly done Planning to change again Waste of Money Energy and Time. Maybe a defective or previously returned product. No response from anyone,0.2875536480686695
earphone,The media could not be loaded Very bad installation The C was installed just 2 days back and now water is draining inside my house. Outside unit is also not fixed properly Very unhappy with the LG installation My local installation vendor does better job then this,0.2875536480686695
earphone,All is well but the remote settings is confusing,0.2875536480686695
earphone,The media could not be loaded Copper wire not with the pack,0.2854077253218884
earphone,purchased during sale at good discount,0.2854077253218884
earphone,"I required an AC for around 200sq. ft room where direct sunlight only falls in the morning till 10'o clock Middle floor My use case was for daily usage of around 14 hrs mixing my work hours and sleep hours at 27-28¬∞C for ambient comfort (Shimla not desired In current season, using it in monsoon mode mostly mixing it with occasional cool mode for the right ambient balance. I have seen the the usage going as low as 290W. So for my use case, it is working perfectly will suggest the same model with wife remote would not be required at all then and UI of app is also good & functional One of my worries was missing components from the packing like copper pipes as many have reviewed and complained before But nothing was missing in my case. Fixing the indoor unit, Outdoor stand setup, Connecting with stabilizer and a drill hole during cost me ‚Çπ1700. 1500 was fixed installation charges about which I was informed beforehand and 200 for outdoor stand fixing as per the described charges Installation was done same day of delivery So all in all happy with the product currently",0.2854077253218884
earphone,Products are missing meter Copper wire are missing,0.2832618025751073
earphone,"This ac from lg is worth spending a few thousand rupees extra than the ones without 5 in one features , i have been using this for the past 8 months almost on a daily basis except during the winter months of december and jan , my average daily usage will be around 8 hours and maxxed at 20 hours during summer .No problem regarding the working or cooling , works like a charm cools really fast and most importantly the outdoor unit is really silent even on turbo mode .40% energy efficiency mode ; I would recommend everyone to use this mode even if there are unto four people in the room consumes only 400 watts which is the major reason for energy savings . The amount of energy saved will directly be visible on your first month of use itself and be happy about your but .Pro tip go for the wife connected model as it gives you further ease of use and control over it like pre cooling the room even if you are out and setting timer at night monitoring energy usage , diagnostic etc ..",0.2832618025751073
earphone,What a fast delivery it got delivered days early in the morning The packing is good Not the call from LG service center immediately and the LG service guy called in next few minutes ... Not installation by afternoon Service guy charged 2500. 1500 for standard installation charges and 1000 for Stand...A big kudos to LG team,0.2832618025751073
earphone,I am very much satisfied with this product. It was delivered on time and goy installed same day. I didn face any kind of issue. The engineer who installed was very professional and did a very good job.,0.2768240343347639
earphone,Copper pipe was not available in the box,0.2746781115879828
earphone,The installation was scheduled twice The brand service parter gave two appointments and never came Had to stay home both days and the installation is not complete. Service partner not answering call. Escalated to brand customer service but did not result in a positive outcome Extremely disappointed with service.,0.2725321888412017
earphone,"Worst service by lg. Took 11 days for installation after continuous follow up Total installation took rs 8533 wherein the installation guy was adamant and charge huge cost towards parts Not at all happy its loot, shame on LG. Will never go for this greedy brand again in life",0.2682403433476394
earphone,Why the brands dont t mention that the comeup with heater or not I was thinking that this ac has heater pump also but after i buyed it i was so sad to see this it dont have heater.Feeling sad with 2 others(family members,0.2660944206008583
earphone,Copper pipe is missing in the box,0.2489270386266094
earphone,"At installation time the service person asks for any arbitrary amount for mounting bracket, pipe, power plug, etc Either LG should include these items in the box or clearly mark the MRPs of these additional items so that the customer does not have to haggle with the installation person.",0.2489270386266094
earphone,Lg is only a brand service side waste,0.2403433476394849
earphone,I have brought this AC 15 days ago and now its stop working . I have made a complaint to LG India 3 days ago and no one has called or visit my place till now This product is totally money waste . Please dont buy,0.2360515021459227
earphone,Dont Buy this AC. Waste of money Of any one is looking to buy AC i will suggest Daikin. This 2022 model LG AC is not cooling 100sq.ft also I wasted my money so iam suggesting that please dont buy this model,0.2360515021459227
earphone,Its pathetic to see without copper wire and cost of 2655/-,0.2360515021459227
earphone,Installation people are incompetent and unable to guide. Installed in my balcony which is an extension of my bedroom and now the whole room is a furnace. I paid 3414 for installation Won‚Äôt come to reinstall although I will be paying installation charge again S S Air conditioned installation service,0.2317596566523605
earphone,This is the best ac you can buy Lg provides good customer service and the product is also very good Probably best AC out there lot of energy saving features .,0.2296137339055794
earphone,As they are providing 1199/- amount order with the actual product for the free installation still LG service company is charging for the installation charge...Not tractable and value for money,0.2296137339055794
earphone,The media could not be loaded Copper wire missing,0.2274678111587982
earphone,The media could not be loaded Copper wire missing,0.2274678111587982
earphone,"AVOID LG - They have UNPROFESSIONAL technical partners (RAR Enterprises).For first couple of days the AC appears to be working as expected though nothing special to mention.Pros:1. On time delivery.2. Installation was done on same day of delivery.3. Lech Support team did the follow-ups till installation payment.4. Technician agreed to change the installation wall after a mess installation on first wall.Cons:1. One of the worst installation experience,2. Technician-cum-engineer was in hurry and was not completing the job in neat way,3. Technician did not properly cover the copper pipes with insulating and gave vague excuses evertime,4. Technician did not had proper tools he used the drill bit that made mess out of the wall hole,5. Very bad and uneven fitting of base plate of indoor unit, used hammer instead of screw-driver that missed few screws and he kept those as it is under the plate making it uneven.6. Bottom cover of AC is not straight due to bad fixing of base plate.7. Charged hetty amount of 5k for additional items without providing any invoice, even support team did not share the online copy of voice as informed on call beforehand.8. Technician did not perform amphere test,9. Improper fitting of the wires in both indoor and outdoor unit, after confronting replied with vague excuses",0.2274678111587982
earphone,Facing problem in IDU after 15 days of installation And LG is also not able provide service for that,0.2210300429184549
earphone,"Product wise its a best in the market. But installation is handled by third party vendors, which give some negative impression. Money minded vendor billing for the kits which come with product.",0.2210300429184549
earphone,The C started leaking after 4 days of usage very bad experience.,0.2188841201716738
earphone,Very good,0.2167381974248927
earphone,Product quality is good but after sales support from LG local services center are grossly disappointing dont mislead into the installation charges You will be in for a surprise with discrepancies on installation charges Please ensure you check with LG installation service team before hand.,0.2167381974248927
earphone,Very good,0.2167381974248927
earphone,"This is a really good product. I have seen many people complaining about missing copper pipe and awful installation But my delivery is very clean and even though the installation guns came a week after the product delivery they did a really good job and are very friendly Charged me just the standard installation charges and nothing more Even at 40% capacity at 24¬∞C, its really cooling well Terrific purchase. Definitely buying another one for my other bedroom",0.2145922746781116
earphone,AC is not good.I have 2 ac of same configuration.First one stopped giving cooling after a year.LG service engineer are now asking for 5000 gas recharge.I would recommend other brands for other so that they wont feel cheated.As other brand ac work least 3-4 year without gas recharge.During installation of second ac lot of fight happened for copper could would recommend 0 for this brand act,0.2103004291845493
earphone,Ordered this ac on 21 April and delivered on 23 April and installed within 2 hours after delivery Super silent AC. Super cooling and latest model 2022. C comes with all required accessories. Super experience!!,0.2060085836909871
earphone,Poor Installation Technician will not listen to you and KJ Solutions is not capable to send technical on customers convenience No assistance has been given by LG even after 6 days after purchasing the AC.,0.203862660944206
earphone,Great,0.1974248927038626
earphone,I was in doubt when I read some comments that they didn received copper pipes but still I found this ac best so I ordered this After ordering I got next day delivery and got installation on same day of delivery Also I got all accessories including 10 feet copper pipes Working really smooth low noise and super cooling,0.1974248927038626
earphone,I purchased AC one week back only and now AC remote is not functioning properly and when I contracted LG service center they are saying that it will be cost around 1500.. its very bad experience with LG..,0.1952789699570815
earphone,"Worst product of LG, dont buy Not cooling properly in 1 hour, my room size is 10X10.I am not happy with this product",0.1909871244635193
earphone,Very bad Lg shows it will take 800 units in a year but I face that it is taking 200 units in 60 hrs of running even the temperature always took 20/20+,0.1888412017167382
earphone,Really bad products doesn work. After 2 yearsInverter as are a scam .I bought a 2ton ac it works like a 0.5 ton ac,0.1824034334763948
earphone,Items missing very professional delivery and service by lg,0.1802575107296137
earphone,Very nice,0.1802575107296137
earphone,Best AC with zero noice both in indoor and outdoor unit. Fast cooling and Himalaya cool mode is excellent.Little bit pricy but quality comes with a cost. Using for a week now so energy efficiency have not been checked yet,0.1716738197424892
earphone,"I got new 2022 model 1.5 ton machine its been 3 months I'm using it in summer time egg April to now July.Noise level is excellent but in HC mode you'll get loud noise because of high speed fan.Features are same like other LG model Only it has 6 cooling mode that is extra for this model.Now come to the main part- ELECTRIC BILLLast year electricity bill for summer was rs.3800 something And this year after using this ac i got electricity bill rs.4041. I do use it every day for 5 to 6 hours dont know if its nightmare or not üòÉBut will see next bill for reconfirmation.I'm very impressed about it.I guess you should go for it without any hesitation.And last thing is installation charges was 3000 including outdoor stand, 20ft water pipe. its bit expensive but technical boy was polite and good behaviour.Hope this words will help you to decide.Thanks",0.1630901287553648
earphone,"I am giving this review after a week.This product is really good Worth for money Noiseless products while using this high capacity 6-1 features are really good Sleeping mode, timer features are good I can say this ac is best.Thanks LG",0.1630901287553648
earphone,Product is good Take care of service. Don't change gas without thinking gas will come for more than 5 years Also service provided by lg 3rd party is not good so get the work done completely when ordering a service.,0.1609442060085837
earphone,No copper wire was found when LG service engineer opened the AC Box. Which incurred extra 4000 cost. Highly disappointed,0.1545064377682403
earphone,"lG'S new AC in 2022 is just great . It comes with Dual invertor split which will save you a lot of electricity bill.This is a 2022 model so everything is latest and will gives you the best chill in the room at the earliest .Ac is silent when running which is always positive.Just check with the vendor for installation as many have said its not free and they are charging , better call LG and ask",0.1523605150214592
earphone,Worst installation service charged 3000 for 3 meters copper pipe and took extra money for connecting to steriliser,0.1523605150214592
earphone,The media could not be loaded Have never seen a brand new 2 days old AC dripping so so much water. Trying my best to get the best teach support to resolve this else i have to return this,0.1502145922746781
earphone,As the name says Life's Good. LG's product are always value for money.Air conditioned is working good flora design is new and unique.Installation service was also up to the mark within 48 hrs team came and installed it perfectly.Though its been only 2 days since I'm using this product till now its value for money.Go for it. üëå,0.1502145922746781
earphone,"The media could not be loaded Product is amazing delivered in time without any damage, installation guns charged 1500/- to install. LG should be looking into this installation part. It has to be a free process Overall experience is very good 6 in 1 technology is outstanding One should purchase without any hesitation",0.148068669527897
earphone,Worst help from company in helping number .I have contracted lg many times but no help..don't buy lg worst service by lg india,0.1459227467811159
earphone,"Cooling is not happening very poor product, even service center and LG helping people are not responding well very poor service.",0.1459227467811159
earphone,"Good product to buy read many negative reviews regarding installation but in my case, the installation was done the next day after the product delivery The installation cost mentioned includes core drilling and covering the hole with putty Extra charges were for stand and water pipe which is reasonable Rest I dont see any issues in the installation as I read in the reviews or it may vary from location to location or the Vendor approved by LG.It is only 2 days and product-wise it is great The cooling is good Noise is almost 0. We are using it at 28 or 26 temperatures and the cooling is awesome",0.1459227467811159
earphone,"Worst service of company , Just Waste of moneyed useless product , no cooling .Never believe on these LG productsAfter using years L.g. are fully eligible to throw After service is very bad...Never expected this from LG products",0.1373390557939914
earphone,its been only a month and Ice getting formed inside AC and no cooling Worst customer service from LG. I have called the customer service for continuous 10 days and still no resolution,0.1266094420600858
earphone,"Serious warning ‚ö†Ô∏è dont even think about buying this ac , i would say lg is the worst brand in terms of ac , the their service is pathetic too , It stopped colling within a month . And filed multiple complaints , they come and service the ac then go , again the same problem continues , if you still wish to buy , good luck is all i can say",0.1244635193133047
earphone,"The media could not be loaded This AC is completed packed with all features and functions that everybody needs Comfortable mode, sleep mode, timer, room temperature 1.5ton + 1ton + 0.5ton operating modes available Fan speed, swings inner and outer both supported.Thanks LG for this brilliant AC ü•∞ü•∞",0.1223175965665236
earphone,The product takes about 15-20 minutes to cool The installation service provided by LG was horrible its the worst,0.111587982832618
earphone,A light whistle noise comes continuously from the indoor unit may be from its blower or its PCB). During night sleeping it is very annoying I called LG customer care service but the service engineer said that this was not abnormal they said that they cannot solve this problem. very poor service response from LG care. So please do not buy this LG Product. Just go for Samsung AC.,0.1094420600858369
earphone,LG's after selling service is pathetic in Kolkata. All the forms of timeline as described in description section will easily be violated by LG by saying 'rush time'.,0.1051502145922746
earphone,Product very bad or lg i service very poor hair ink pass engineer to hai nasi or road ke mistri i ac installation ke liye bhej dete hai very bad service,0.1051502145922746
earphone,"its been just 6 months I bought this C but the air cooling has reduced and even hours after C running there room temperature is nearly 28 and 29, some time just tan run no cooling is release. Very much disappointed",0.1008583690987124
earphone,LG installation services are very very bad Do not installed AC from LG technician.,0.0965665236051502
earphone,"Please never buy any LG products The Customer Service is worst to the core During package they missed a part. So these technical demand we need bare the amount for it.. it cost around 4.5k then then dont terrible service and ask 8k for service.. So i bought 45k AC and spend additional 12k, still i am not happy with service leakage/Low cooling/Gas Leakage keeps happening",0.0965665236051502
earphone,Worst customer service. No one is coming for installation after 3 days of delivery.raised complaint on lg service still no use. dont buy lg product. You can return as well Only replacement option is there so be careful,0.0922746781115879
earphone,Very bad in installation after 4 days of delivery still no once came for the installation,0.0901287553648068
earphone,Excellent,0.0858369098712446
earphone,Excellent,0.0858369098712446
earphone,Excellent,0.0858369098712446
earphone,This is the worst purchase I had make... C stopped working after 15 days... From lg side they are saying gas leakage...Installation is done by Lg service guy still they are asking 5000 more rs now for gas... And product is still in warranty BEWARE OF THIS PRODUCT AND PATHETIC SERVICE FROM LG...,0.0815450643776824
earphone,Excellent Product,0.0815450643776824
earphone,Excellent product,0.0815450643776824
earphone,Excellent product,0.0815450643776824
earphone,Excellent üëç,0.0815450643776824
earphone,Awesome,0.075107296137339
earphone,Delivery time not ac bill provide and warranty card very bad,0.075107296137339
earphone,"One of the worst ac company in the world.Technician also canst find the problem , the person who is working as a technical canst find the problem , please dont go through the LG electronic items , bad quality Had service",0.0729613733905579
earphone,L G customer support is very poor,0.0643776824034334
earphone,Superb product,0.0622317596566523
earphone,Superb experience.,0.0622317596566523
earphone,Superb,0.0600858369098712
earphone,Super,0.0579399141630901
earphone,Nice,0.0536480686695279
earphone,Everything ok,0.0536480686695279
earphone,Nice,0.0536480686695279
earphone,Nice,0.0536480686695279
earphone,Just ok,0.0536480686695279
earphone,Nice,0.0536480686695279
earphone,Nice,0.0536480686695279
earphone,Like üëå,0.0536480686695279
earphone,Nice cooling,0.0536480686695279
earphone,Nice,0.0536480686695279
earphone,Nice product,0.0536480686695279
earphone,Just ok,0.0536480686695279
earphone,Cool,0.0278969957081545
earphone,Fine,0.0278969957081545
earphone,Not good,0.0278969957081545
earphone,Overall good,0.0278969957081545
earphone,Defective,0.0257510729613733
earphone,Nothing,0.0257510729613733
earphone,Like,0.0257510729613733
earphone,Overall satisfaction,0.0257510729613733
earphone,Little noise,0.0236051502145922
earphone,Exllent,0.0236051502145922
earphone,Useless,0.0236051502145922
earphone,Very bad,0.0236051502145922
earphone,Exlent,0.0236051502145922
earphone,Worst,0.0214592274678111
earphone,Overall satisfactory,0.0214592274678111
earphone,Worst product,0.0171673819742489
